0:00	https://d8j0ntlcm91z4.cloudfront.net/user_3EUnbCIEVpH2hIQXUxeH1ytUa8a/hf_20260712_144601_29c13f64-1290-4748-adaa-a544c22f2cc2.png
0:03	https://d8j0ntlcm91z4.cloudfront.net/user_3EUnbCIEVpH2hIQXUxeH1ytUa8a/hf_20260712_144950_f45db57c-3676-4de9-ac9f-697edd574065.png
0:07	https://d8j0ntlcm91z4.cloudfront.net/user_3EUnbCIEVpH2hIQXUxeH1ytUa8a/hf_20260712_144953_25a9cee3-5428-450c-a237-0436aa95c278.png
0:08	https://d8j0ntlcm91z4.cloudfront.net/user_3EUnbCIEVpH2hIQXUxeH1ytUa8a/hf_20260712_144957_6ec4cb1a-b36c-427f-b81c-4d9ed6a83115.png
0:10	https://d8j0ntlcm91z4.cloudfront.net/user_3EUnbCIEVpH2hIQXUxeH1ytUa8a/hf_20260712_144959_c142f323-ddad-42d0-8138-506e96d32159.png
0:14	https://d8j0ntlcm91z4.cloudfront.net/user_3EUnbCIEVpH2hIQXUxeH1ytUa8a/hf_20260712_145001_401b2a18-d867-4d8e-b725-08c46618f4c5.png
0:17	https://d8j0ntlcm91z4.cloudfront.net/user_3EUnbCIEVpH2hIQXUxeH1ytUa8a/hf_20260712_145003_a4d6d17a-29e5-4c8b-80b9-dad5febf5ac2.png
0:21	https://d8j0ntlcm91z4.cloudfront.net/user_3EUnbCIEVpH2hIQXUxeH1ytUa8a/hf_20260712_145006_ef7b4144-2c12-4f91-a911-b672f1bda7cc.png
0:25	https://d8j0ntlcm91z4.cloudfront.net/user_3EUnbCIEVpH2hIQXUxeH1ytUa8a/hf_20260712_145009_76fa0b0d-1487-47ed-a653-a6f535014160.png
0:27	https://d8j0ntlcm91z4.cloudfront.net/user_3EUnbCIEVpH2hIQXUxeH1ytUa8a/hf_20260712_145033_d3735c18-084b-42c8-8061-8699d6244966.png
0:30	https://d8j0ntlcm91z4.cloudfront.net/user_3EUnbCIEVpH2hIQXUxeH1ytUa8a/hf_20260712_145104_69cb657b-b31a-4c32-8d4c-0825ff460937.png
0:32	https://d8j0ntlcm91z4.cloudfront.net/user_3EUnbCIEVpH2hIQXUxeH1ytUa8a/hf_20260712_145107_493b34e2-e770-4463-9498-e0f5f5b88325.png
0:35	https://d8j0ntlcm91z4.cloudfront.net/user_3EUnbCIEVpH2hIQXUxeH1ytUa8a/hf_20260712_145112_0fb91825-26ee-407c-bc0a-270224de4b6c.png
0:37	https://d8j0ntlcm91z4.cloudfront.net/user_3EUnbCIEVpH2hIQXUxeH1ytUa8a/hf_20260712_145117_b4c69429-1fef-407a-9c85-a7a3d528b11c.png
0:38	https://d8j0ntlcm91z4.cloudfront.net/user_3EUnbCIEVpH2hIQXUxeH1ytUa8a/hf_20260712_145122_40648349-bac4-47e3-ba93-9c86623a5499.png
0:41	https://d8j0ntlcm91z4.cloudfront.net/user_3EUnbCIEVpH2hIQXUxeH1ytUa8a/hf_20260712_145124_38ed4087-b093-42c9-826e-7b5aea17c207.png
0:45	https://d8j0ntlcm91z4.cloudfront.net/user_3EUnbCIEVpH2hIQXUxeH1ytUa8a/hf_20260712_145126_8e4da30e-b161-4952-bfc8-6174454b90aa.png
0:46	https://d8j0ntlcm91z4.cloudfront.net/user_3EUnbCIEVpH2hIQXUxeH1ytUa8a/hf_20260712_145129_7a396fec-dbd0-4584-a326-38ed093a7f99.png
0:48	https://d8j0ntlcm91z4.cloudfront.net/user_3EUnbCIEVpH2hIQXUxeH1ytUa8a/hf_20260712_145132_eada48ba-4830-4614-a494-471aae3ddb8d.png
0:51	https://d8j0ntlcm91z4.cloudfront.net/user_3EUnbCIEVpH2hIQXUxeH1ytUa8a/hf_20260712_145135_15ba3fb3-12cd-47fc-97cd-c72e943356f1.png
0:53	https://d8j0ntlcm91z4.cloudfront.net/user_3EUnbCIEVpH2hIQXUxeH1ytUa8a/hf_20260712_145205_f8e4bc42-f94e-4c59-b00c-962f8cf14091.png
0:54	https://d8j0ntlcm91z4.cloudfront.net/user_3EUnbCIEVpH2hIQXUxeH1ytUa8a/hf_20260712_145207_2376a822-53ed-41b0-8f38-95ed6b549a90.png
0:55	https://d8j0ntlcm91z4.cloudfront.net/user_3EUnbCIEVpH2hIQXUxeH1ytUa8a/hf_20260712_145209_a9a59b83-5aa6-4bc1-a8ea-226998c93437.png
0:59	https://d8j0ntlcm91z4.cloudfront.net/user_3EUnbCIEVpH2hIQXUxeH1ytUa8a/hf_20260712_145212_b6fbbced-1828-4d03-b711-95fe64470bc6.png
1:02	https://d8j0ntlcm91z4.cloudfront.net/user_3EUnbCIEVpH2hIQXUxeH1ytUa8a/hf_20260712_145214_7cdbb18e-c906-4d82-a1e4-1c19ae9121e2.png
1:04	https://d8j0ntlcm91z4.cloudfront.net/user_3EUnbCIEVpH2hIQXUxeH1ytUa8a/hf_20260712_145216_b48deffe-f3e0-49cd-a66f-a3811340b6ce.png
1:07	https://d8j0ntlcm91z4.cloudfront.net/user_3EUnbCIEVpH2hIQXUxeH1ytUa8a/hf_20260712_145222_4611c237-26b2-4911-8cb3-80353e351ac3.png
1:08	https://d8j0ntlcm91z4.cloudfront.net/user_3EUnbCIEVpH2hIQXUxeH1ytUa8a/hf_20260712_145225_6c2c3b67-36c9-4cbe-9c43-9ff1df87fdaf.png
1:10	https://d8j0ntlcm91z4.cloudfront.net/user_3EUnbCIEVpH2hIQXUxeH1ytUa8a/hf_20260712_145227_6fba839e-a399-4aa3-afdc-bd0d51888dc8.png
1:14	https://d8j0ntlcm91z4.cloudfront.net/user_3EUnbCIEVpH2hIQXUxeH1ytUa8a/hf_20260712_145239_185a44bc-8e61-487e-afd7-babc30ac832c.png
1:15	https://d8j0ntlcm91z4.cloudfront.net/user_3EUnbCIEVpH2hIQXUxeH1ytUa8a/hf_20260712_145243_60504936-d35d-4988-99aa-b5a3c17bcb1b.png
1:19	https://d8j0ntlcm91z4.cloudfront.net/user_3EUnbCIEVpH2hIQXUxeH1ytUa8a/hf_20260712_145251_fa4a1e10-dd5c-4b59-bf04-108787ae8f2d.png
1:22	https://d8j0ntlcm91z4.cloudfront.net/user_3EUnbCIEVpH2hIQXUxeH1ytUa8a/hf_20260712_145253_b325edef-8963-477e-ab1f-8fa4b2cc27bf.png
1:24	https://d8j0ntlcm91z4.cloudfront.net/user_3EUnbCIEVpH2hIQXUxeH1ytUa8a/hf_20260712_145256_7e6e73be-70ed-4083-abb3-800ef5393d46.png
1:27	https://d8j0ntlcm91z4.cloudfront.net/user_3EUnbCIEVpH2hIQXUxeH1ytUa8a/hf_20260712_145258_6d48fb0d-2248-4703-8138-1cdc50154c21.png
1:32	https://d8j0ntlcm91z4.cloudfront.net/user_3EUnbCIEVpH2hIQXUxeH1ytUa8a/hf_20260712_145300_9e52981a-2da2-4415-862f-c9853d395b16.png
1:33	https://d8j0ntlcm91z4.cloudfront.net/user_3EUnbCIEVpH2hIQXUxeH1ytUa8a/hf_20260712_145304_3b417a16-d23a-4a6e-8323-d01891ec6b13.png
1:35	https://d8j0ntlcm91z4.cloudfront.net/user_3EUnbCIEVpH2hIQXUxeH1ytUa8a/hf_20260712_145306_265efb8a-97eb-456a-be7f-096a82846094.png
1:38	https://d8j0ntlcm91z4.cloudfront.net/user_3EUnbCIEVpH2hIQXUxeH1ytUa8a/hf_20260712_145309_bddca97a-67a5-4ab1-8422-fba0456c1e1c.png
1:41	https://d8j0ntlcm91z4.cloudfront.net/user_3EUnbCIEVpH2hIQXUxeH1ytUa8a/hf_20260712_145330_e9ec02c9-40ed-4202-8761-d608525b0e4a.png
1:42	https://d8j0ntlcm91z4.cloudfront.net/user_3EUnbCIEVpH2hIQXUxeH1ytUa8a/hf_20260712_145512_1995af37-9749-476e-ac32-b17ba7e5dfe4.png
1:45	https://d8j0ntlcm91z4.cloudfront.net/user_3EUnbCIEVpH2hIQXUxeH1ytUa8a/hf_20260712_145514_f1cac8f4-8e7c-41b0-8e64-b790a46dabb1.png
1:47	https://d8j0ntlcm91z4.cloudfront.net/user_3EUnbCIEVpH2hIQXUxeH1ytUa8a/hf_20260712_145516_ec784b32-4ca8-4f88-bb31-f62f443f5069.png
1:49	https://d8j0ntlcm91z4.cloudfront.net/user_3EUnbCIEVpH2hIQXUxeH1ytUa8a/hf_20260712_145518_9cf2d152-f471-4945-b9d7-69710306e574.png
1:50	https://d8j0ntlcm91z4.cloudfront.net/user_3EUnbCIEVpH2hIQXUxeH1ytUa8a/hf_20260712_145520_ea325ed4-57cb-4c99-92bb-a2cf969f85da.png
1:53	https://d8j0ntlcm91z4.cloudfront.net/user_3EUnbCIEVpH2hIQXUxeH1ytUa8a/hf_20260712_145522_4447ee3f-9c1a-4bd6-a72f-ad04833ca1b7.png
1:55	https://d8j0ntlcm91z4.cloudfront.net/user_3EUnbCIEVpH2hIQXUxeH1ytUa8a/hf_20260712_145524_5a47579c-750d-40eb-b6f9-e842efb46c94.png
1:59	https://d8j0ntlcm91z4.cloudfront.net/user_3EUnbCIEVpH2hIQXUxeH1ytUa8a/hf_20260712_145526_02cb287b-4769-4561-81b8-dc221af3c2a7.png
2:03	https://d8j0ntlcm91z4.cloudfront.net/user_3EUnbCIEVpH2hIQXUxeH1ytUa8a/hf_20260712_145528_9b0b846f-4680-429d-9047-ac3cdda4f68f.png
2:04	https://d8j0ntlcm91z4.cloudfront.net/user_3EUnbCIEVpH2hIQXUxeH1ytUa8a/hf_20260712_145531_1581925d-9fde-4c9a-aedb-046215afe5a7.png
2:08	https://d8j0ntlcm91z4.cloudfront.net/user_3EUnbCIEVpH2hIQXUxeH1ytUa8a/hf_20260712_145533_31decb26-60a5-4214-8289-dd538d1c60b2.png
2:11	https://d8j0ntlcm91z4.cloudfront.net/user_3EUnbCIEVpH2hIQXUxeH1ytUa8a/hf_20260712_145535_631fc508-d850-4dfc-b4e1-960b34fac4b1.png
2:13	https://d8j0ntlcm91z4.cloudfront.net/user_3EUnbCIEVpH2hIQXUxeH1ytUa8a/hf_20260712_145537_277a08f2-b6ae-42a6-bb3a-d359c558501d.png
2:15	https://d8j0ntlcm91z4.cloudfront.net/user_3EUnbCIEVpH2hIQXUxeH1ytUa8a/hf_20260712_145540_7b3e0883-6ea1-430e-92aa-b11f72746e6b.png
2:19	https://d8j0ntlcm91z4.cloudfront.net/user_3EUnbCIEVpH2hIQXUxeH1ytUa8a/hf_20260712_145543_5bc86c86-3415-4634-afbf-c1df63858289.png
2:21	https://d8j0ntlcm91z4.cloudfront.net/user_3EUnbCIEVpH2hIQXUxeH1ytUa8a/hf_20260712_145545_18136c89-b139-42a8-bdf3-4ffa2eb41dc4.png
2:25	https://d8j0ntlcm91z4.cloudfront.net/user_3EUnbCIEVpH2hIQXUxeH1ytUa8a/hf_20260712_145547_81a98173-8070-4fb1-9400-73a5b99c0faa.png
2:26	https://d8j0ntlcm91z4.cloudfront.net/user_3EUnbCIEVpH2hIQXUxeH1ytUa8a/hf_20260712_145549_db298a90-7f21-4506-9b47-c476ea3a0dac.png
2:27	https://d8j0ntlcm91z4.cloudfront.net/user_3EUnbCIEVpH2hIQXUxeH1ytUa8a/hf_20260712_145551_19166c59-4e23-4ed5-b77b-ac88b32e0cac.png
2:29	https://d8j0ntlcm91z4.cloudfront.net/user_3EUnbCIEVpH2hIQXUxeH1ytUa8a/hf_20260712_145554_9372fd73-c3ff-4928-9471-09b6405a412f.png
2:31	https://d8j0ntlcm91z4.cloudfront.net/user_3EUnbCIEVpH2hIQXUxeH1ytUa8a/hf_20260712_145611_937331fb-0962-4b33-a859-2ea056444631.png
2:33	https://d8j0ntlcm91z4.cloudfront.net/user_3EUnbCIEVpH2hIQXUxeH1ytUa8a/hf_20260712_145613_70ec5530-f0a3-4e15-bed2-16762722c337.png
2:35	https://d8j0ntlcm91z4.cloudfront.net/user_3EUnbCIEVpH2hIQXUxeH1ytUa8a/hf_20260712_145615_05171a3c-f78f-451c-bfa7-03ab8a0bdb7b.png
2:36	https://d8j0ntlcm91z4.cloudfront.net/user_3EUnbCIEVpH2hIQXUxeH1ytUa8a/hf_20260712_145617_0b80cfec-3717-498b-81c9-cc0492b7e812.png
2:37	https://d8j0ntlcm91z4.cloudfront.net/user_3EUnbCIEVpH2hIQXUxeH1ytUa8a/hf_20260712_145620_c833633d-8c04-49cb-adb0-2a0d6b9da625.png
2:38	https://d8j0ntlcm91z4.cloudfront.net/user_3EUnbCIEVpH2hIQXUxeH1ytUa8a/hf_20260712_145623_572a4717-64fb-4711-93e1-f11247f0a2f2.png
2:38b	https://d8j0ntlcm91z4.cloudfront.net/user_3EUnbCIEVpH2hIQXUxeH1ytUa8a/hf_20260712_145625_4a921676-21d6-4aa0-ac25-606514c5ae32.png
2:40	https://d8j0ntlcm91z4.cloudfront.net/user_3EUnbCIEVpH2hIQXUxeH1ytUa8a/hf_20260712_145627_291fcbc0-33c5-4447-8bc3-18515c523ac8.png
2:42	https://d8j0ntlcm91z4.cloudfront.net/user_3EUnbCIEVpH2hIQXUxeH1ytUa8a/hf_20260712_145643_b56f8c21-6e83-4e94-abdf-fae9de30783d.png
2:43	https://d8j0ntlcm91z4.cloudfront.net/user_3EUnbCIEVpH2hIQXUxeH1ytUa8a/hf_20260712_145644_8ad95e3b-6359-4f91-8c71-2aad99cc3e54.png
2:43b	https://d8j0ntlcm91z4.cloudfront.net/user_3EUnbCIEVpH2hIQXUxeH1ytUa8a/hf_20260712_145647_43e500b2-f7e6-4c23-b658-18c4667d3a83.png
2:44	https://d8j0ntlcm91z4.cloudfront.net/user_3EUnbCIEVpH2hIQXUxeH1ytUa8a/hf_20260712_145649_96670cdd-e07f-49ff-a4ab-a0e481b3d943.png
2:45	https://d8j0ntlcm91z4.cloudfront.net/user_3EUnbCIEVpH2hIQXUxeH1ytUa8a/hf_20260712_145651_9d5a8ae5-deed-4edb-8c94-c52900070ded.png
2:49	https://d8j0ntlcm91z4.cloudfront.net/user_3EUnbCIEVpH2hIQXUxeH1ytUa8a/hf_20260712_145655_d618b268-6831-4ede-8cb9-b5a58fa42f86.png
2:50	https://d8j0ntlcm91z4.cloudfront.net/user_3EUnbCIEVpH2hIQXUxeH1ytUa8a/hf_20260712_145701_48f62152-e305-4230-9253-2b38876e775d.png
2:52	https://d8j0ntlcm91z4.cloudfront.net/user_3EUnbCIEVpH2hIQXUxeH1ytUa8a/hf_20260712_145702_7707b74f-341e-4e72-810b-3d3a67ec8d29.png
2:55	https://d8j0ntlcm91z4.cloudfront.net/user_3EUnbCIEVpH2hIQXUxeH1ytUa8a/hf_20260712_145704_0f5d7837-8048-41ac-be9d-1a7f878647fa.png
2:58	https://d8j0ntlcm91z4.cloudfront.net/user_3EUnbCIEVpH2hIQXUxeH1ytUa8a/hf_20260712_145707_726db073-9599-4552-bf7d-03b1f7b0d47b.png
3:03	https://d8j0ntlcm91z4.cloudfront.net/user_3EUnbCIEVpH2hIQXUxeH1ytUa8a/hf_20260712_145712_3dd75a06-8514-4eb6-a194-dc9a91dc59fa.png
3:05	https://d8j0ntlcm91z4.cloudfront.net/user_3EUnbCIEVpH2hIQXUxeH1ytUa8a/hf_20260712_145715_de51ffcd-94ca-4143-97ff-474bb6f384aa.png
3:06	https://d8j0ntlcm91z4.cloudfront.net/user_3EUnbCIEVpH2hIQXUxeH1ytUa8a/hf_20260712_145730_7c8ed1c2-177b-408b-bee0-e90f6930cb18.png
3:07	https://d8j0ntlcm91z4.cloudfront.net/user_3EUnbCIEVpH2hIQXUxeH1ytUa8a/hf_20260712_145732_d3e73d4e-061d-4383-808e-59fb6ba9f3eb.png
3:10	https://d8j0ntlcm91z4.cloudfront.net/user_3EUnbCIEVpH2hIQXUxeH1ytUa8a/hf_20260712_145734_f60b86ec-347e-4b64-b6a8-5a350f1f73c2.png
3:10b	https://d8j0ntlcm91z4.cloudfront.net/user_3EUnbCIEVpH2hIQXUxeH1ytUa8a/hf_20260712_145736_0e7e8aad-843e-4bed-becb-01fe220e65d2.png
3:11	https://d8j0ntlcm91z4.cloudfront.net/user_3EUnbCIEVpH2hIQXUxeH1ytUa8a/hf_20260712_145738_0c2a663b-6193-46ad-9ab1-0e9ecfd76da3.png
3:14	https://d8j0ntlcm91z4.cloudfront.net/user_3EUnbCIEVpH2hIQXUxeH1ytUa8a/hf_20260712_145741_94b910ad-56a1-44a9-8ad5-c4c22f836134.png
3:16	https://d8j0ntlcm91z4.cloudfront.net/user_3EUnbCIEVpH2hIQXUxeH1ytUa8a/hf_20260712_145743_90b38a5f-0711-4a0c-ae71-78b666f18d0c.png
3:17	https://d8j0ntlcm91z4.cloudfront.net/user_3EUnbCIEVpH2hIQXUxeH1ytUa8a/hf_20260712_145746_d4037031-9013-48ea-9df0-64f46364fbbc.png
3:21	https://d8j0ntlcm91z4.cloudfront.net/user_3EUnbCIEVpH2hIQXUxeH1ytUa8a/hf_20260712_145749_8aeaf494-b0be-4d43-9ec4-ba2080cf602b.png
3:23	https://d8j0ntlcm91z4.cloudfront.net/user_3EUnbCIEVpH2hIQXUxeH1ytUa8a/hf_20260712_145751_055f7984-58fb-4324-863f-e5c64603da8a.png
3:25	https://d8j0ntlcm91z4.cloudfront.net/user_3EUnbCIEVpH2hIQXUxeH1ytUa8a/hf_20260712_145754_dbf60a67-af65-4cee-b598-6ab927812a6e.png
3:26	https://d8j0ntlcm91z4.cloudfront.net/user_3EUnbCIEVpH2hIQXUxeH1ytUa8a/hf_20260712_145755_0a5dab08-1c9f-4d84-80b0-fc00bdefbcb5.png
3:28	https://d8j0ntlcm91z4.cloudfront.net/user_3EUnbCIEVpH2hIQXUxeH1ytUa8a/hf_20260712_145757_571caec9-bf90-47a8-b87c-c2b557f0534d.png
3:29	https://d8j0ntlcm91z4.cloudfront.net/user_3EUnbCIEVpH2hIQXUxeH1ytUa8a/hf_20260712_145802_1620269f-e689-44d0-bb86-5c19090f1d1c.png
3:31	https://d8j0ntlcm91z4.cloudfront.net/user_3EUnbCIEVpH2hIQXUxeH1ytUa8a/hf_20260712_145804_88c77753-7329-4884-8bbc-5c6abb7d0d1e.png
3:34	https://d8j0ntlcm91z4.cloudfront.net/user_3EUnbCIEVpH2hIQXUxeH1ytUa8a/hf_20260712_145806_17e67ccb-28b9-495a-8dc5-3612341d9ec9.png
3:38	https://d8j0ntlcm91z4.cloudfront.net/user_3EUnbCIEVpH2hIQXUxeH1ytUa8a/hf_20260712_145808_6f192b0f-9b6f-4441-8578-943aa1df9ae1.png
3:39	https://d8j0ntlcm91z4.cloudfront.net/user_3EUnbCIEVpH2hIQXUxeH1ytUa8a/hf_20260712_145811_3269fa8c-38f2-49e7-9a39-36864b7fe97a.png
3:40	https://d8j0ntlcm91z4.cloudfront.net/user_3EUnbCIEVpH2hIQXUxeH1ytUa8a/hf_20260712_145813_ee877a21-4ad3-4db1-a284-b09a02b3299d.png
3:43	https://d8j0ntlcm91z4.cloudfront.net/user_3EUnbCIEVpH2hIQXUxeH1ytUa8a/hf_20260712_145816_2f9e5c94-0272-4cbe-8150-48667b1a1d05.png
3:45	https://d8j0ntlcm91z4.cloudfront.net/user_3EUnbCIEVpH2hIQXUxeH1ytUa8a/hf_20260712_145831_54463af5-7b90-4665-9dfc-52a592aeff67.png
3:46	https://d8j0ntlcm91z4.cloudfront.net/user_3EUnbCIEVpH2hIQXUxeH1ytUa8a/hf_20260712_145834_12b77058-88cc-4019-a334-cf973685c16b.png
3:49	https://d8j0ntlcm91z4.cloudfront.net/user_3EUnbCIEVpH2hIQXUxeH1ytUa8a/hf_20260712_145837_a2f8657b-7c24-433c-8cc1-2ef55de925c7.png
3:50	https://d8j0ntlcm91z4.cloudfront.net/user_3EUnbCIEVpH2hIQXUxeH1ytUa8a/hf_20260712_145859_ed6c628b-b48d-45ad-a34b-e7d979a31073.png
3:52	https://d8j0ntlcm91z4.cloudfront.net/user_3EUnbCIEVpH2hIQXUxeH1ytUa8a/hf_20260712_145903_97459864-e91d-4374-b043-b1d006e99796.png
3:53	https://d8j0ntlcm91z4.cloudfront.net/user_3EUnbCIEVpH2hIQXUxeH1ytUa8a/hf_20260712_145906_86a08f0b-517a-4f88-8c85-ad7d8bb91ed0.png
3:54	https://d8j0ntlcm91z4.cloudfront.net/user_3EUnbCIEVpH2hIQXUxeH1ytUa8a/hf_20260712_145909_8f58a2fa-9ba9-47db-b7c1-9433d19b9ce6.png
3:55	https://d8j0ntlcm91z4.cloudfront.net/user_3EUnbCIEVpH2hIQXUxeH1ytUa8a/hf_20260712_145914_f2bd6c0f-de99-4c79-b965-d0a2eb5e5d59.png
3:57	https://d8j0ntlcm91z4.cloudfront.net/user_3EUnbCIEVpH2hIQXUxeH1ytUa8a/hf_20260712_145917_c22ab7d7-d7d2-46e7-b84c-bb7b572dc57b.png
4:01	https://d8j0ntlcm91z4.cloudfront.net/user_3EUnbCIEVpH2hIQXUxeH1ytUa8a/hf_20260712_145920_e0d89d61-928e-4726-9e31-a4d9e193fc1f.png
4:03	https://d8j0ntlcm91z4.cloudfront.net/user_3EUnbCIEVpH2hIQXUxeH1ytUa8a/hf_20260712_145922_e2a5e5f8-e5fe-478d-9569-f41ce8d9566c.png
4:05	https://d8j0ntlcm91z4.cloudfront.net/user_3EUnbCIEVpH2hIQXUxeH1ytUa8a/hf_20260712_145925_ac3e6635-91d9-4916-9775-575903de700b.png
4:07	https://d8j0ntlcm91z4.cloudfront.net/user_3EUnbCIEVpH2hIQXUxeH1ytUa8a/hf_20260712_145928_5e2fb688-10e5-43dc-be9d-12873ef5950f.png
4:12	https://d8j0ntlcm91z4.cloudfront.net/user_3EUnbCIEVpH2hIQXUxeH1ytUa8a/hf_20260712_145930_c7f43da3-4b4d-493b-b0bb-f012d089cacf.png
4:13	https://d8j0ntlcm91z4.cloudfront.net/user_3EUnbCIEVpH2hIQXUxeH1ytUa8a/hf_20260712_145936_7ae66041-fdde-447a-98bc-0c3394e026be.png
4:16	https://d8j0ntlcm91z4.cloudfront.net/user_3EUnbCIEVpH2hIQXUxeH1ytUa8a/hf_20260712_145941_e9bb8b85-6723-478b-9727-413599a92137.png
4:17	https://d8j0ntlcm91z4.cloudfront.net/user_3EUnbCIEVpH2hIQXUxeH1ytUa8a/hf_20260712_145946_72636d69-59d9-4363-b3ab-297b4e0fd31d.png
4:18	https://d8j0ntlcm91z4.cloudfront.net/user_3EUnbCIEVpH2hIQXUxeH1ytUa8a/hf_20260712_145952_3c225112-619d-4aba-8bf4-1aa0d5a2645d.png
4:19	https://d8j0ntlcm91z4.cloudfront.net/user_3EUnbCIEVpH2hIQXUxeH1ytUa8a/hf_20260712_150009_6c2e5b64-96c5-4b38-82f2-35e90f80a7f4.png
4:20	https://d8j0ntlcm91z4.cloudfront.net/user_3EUnbCIEVpH2hIQXUxeH1ytUa8a/hf_20260712_150014_6db22d95-4c2a-4a21-a6f4-a7933ae01fa9.png
4:23	https://d8j0ntlcm91z4.cloudfront.net/user_3EUnbCIEVpH2hIQXUxeH1ytUa8a/hf_20260712_150724_355d7b97-0d65-4f40-bdbf-cf0b384dc61a.png
4:26	https://d8j0ntlcm91z4.cloudfront.net/user_3EUnbCIEVpH2hIQXUxeH1ytUa8a/hf_20260712_150729_c2adde26-ce3b-4f81-967e-e60ebf4df6e6.png
4:33	https://d8j0ntlcm91z4.cloudfront.net/user_3EUnbCIEVpH2hIQXUxeH1ytUa8a/hf_20260712_150108_abaa2f26-f293-49f2-88c5-cce6c97744bc.png
4:35	https://d8j0ntlcm91z4.cloudfront.net/user_3EUnbCIEVpH2hIQXUxeH1ytUa8a/hf_20260712_150120_5ef15d34-146c-4076-95e3-6ad8b9048ff9.png
4:36	https://d8j0ntlcm91z4.cloudfront.net/user_3EUnbCIEVpH2hIQXUxeH1ytUa8a/hf_20260712_150136_4c60323e-a8dd-4694-a5eb-4f1b1e83979f.png
4:40	https://d8j0ntlcm91z4.cloudfront.net/user_3EUnbCIEVpH2hIQXUxeH1ytUa8a/hf_20260712_150141_1208b09d-0741-426f-be6f-18970ac61102.png
4:41	https://d8j0ntlcm91z4.cloudfront.net/user_3EUnbCIEVpH2hIQXUxeH1ytUa8a/hf_20260712_150151_d3a740bd-2e02-4fae-84fb-9c8d47353006.png
4:44	https://d8j0ntlcm91z4.cloudfront.net/user_3EUnbCIEVpH2hIQXUxeH1ytUa8a/hf_20260712_150154_9b7dca88-4f58-4c64-88d8-d8620ed2949f.png
4:46	https://d8j0ntlcm91z4.cloudfront.net/user_3EUnbCIEVpH2hIQXUxeH1ytUa8a/hf_20260712_150159_f48b4246-9658-442b-b0f8-5ac6fb2f406f.png
4:48	https://d8j0ntlcm91z4.cloudfront.net/user_3EUnbCIEVpH2hIQXUxeH1ytUa8a/hf_20260712_150202_a7d91fbd-5c12-4504-a6f0-0821b8f49a12.png
4:51	https://d8j0ntlcm91z4.cloudfront.net/user_3EUnbCIEVpH2hIQXUxeH1ytUa8a/hf_20260712_150214_6bd2d411-60bb-43ac-b27a-a44389137566.png
4:54	https://d8j0ntlcm91z4.cloudfront.net/user_3EUnbCIEVpH2hIQXUxeH1ytUa8a/hf_20260712_150217_9cb84de4-85e4-4bf5-8a4f-ddd2c920e1cc.png
4:55	https://d8j0ntlcm91z4.cloudfront.net/user_3EUnbCIEVpH2hIQXUxeH1ytUa8a/hf_20260712_150220_390e8426-be5d-4034-88a1-c8210e123d9d.png
4:56	https://d8j0ntlcm91z4.cloudfront.net/user_3EUnbCIEVpH2hIQXUxeH1ytUa8a/hf_20260712_150224_036a915e-45a4-488c-8906-ac7d64b85f16.png
4:59	https://d8j0ntlcm91z4.cloudfront.net/user_3EUnbCIEVpH2hIQXUxeH1ytUa8a/hf_20260712_150227_2bd27ed9-d4e9-4e1a-9200-f79607a442a0.png
5:00	https://d8j0ntlcm91z4.cloudfront.net/user_3EUnbCIEVpH2hIQXUxeH1ytUa8a/hf_20260712_150230_33980e8a-2155-48f6-8d66-0408f9c9b256.png
5:04	https://d8j0ntlcm91z4.cloudfront.net/user_3EUnbCIEVpH2hIQXUxeH1ytUa8a/hf_20260712_150233_3cef516f-94fd-4885-ba66-87df54363aa8.png
5:06	https://d8j0ntlcm91z4.cloudfront.net/user_3EUnbCIEVpH2hIQXUxeH1ytUa8a/hf_20260712_150235_0b5dae59-6b04-4244-b8d8-471c3e32a58b.png
5:07	https://d8j0ntlcm91z4.cloudfront.net/user_3EUnbCIEVpH2hIQXUxeH1ytUa8a/hf_20260712_150237_872cbbb5-779d-462f-a1a6-9f2ef7a7761e.png
5:08	https://d8j0ntlcm91z4.cloudfront.net/user_3EUnbCIEVpH2hIQXUxeH1ytUa8a/hf_20260712_150240_0cea3f9a-938c-41bc-8d8f-647a41ed92fb.png
5:10	https://d8j0ntlcm91z4.cloudfront.net/user_3EUnbCIEVpH2hIQXUxeH1ytUa8a/hf_20260712_150246_7c5bd809-33a6-489a-9318-eb330bbaf7e0.png
5:12	https://d8j0ntlcm91z4.cloudfront.net/user_3EUnbCIEVpH2hIQXUxeH1ytUa8a/hf_20260712_150428_b036b02d-3432-482f-906b-079418accd42.png
5:14	https://d8j0ntlcm91z4.cloudfront.net/user_3EUnbCIEVpH2hIQXUxeH1ytUa8a/hf_20260712_150733_f84db826-1229-4396-b48b-23ecf113901d.png
5:18	https://d8j0ntlcm91z4.cloudfront.net/user_3EUnbCIEVpH2hIQXUxeH1ytUa8a/hf_20260712_150735_8d9be4ac-0122-4e6c-a75a-0bc69940229c.png
5:21	https://d8j0ntlcm91z4.cloudfront.net/user_3EUnbCIEVpH2hIQXUxeH1ytUa8a/hf_20260712_150737_7585bc10-6c18-4c39-a2c8-2fa2439f78cc.png
5:24	https://d8j0ntlcm91z4.cloudfront.net/user_3EUnbCIEVpH2hIQXUxeH1ytUa8a/hf_20260712_150740_a6f5994d-c360-4425-9607-d327cfd29441.png
5:27	https://d8j0ntlcm91z4.cloudfront.net/user_3EUnbCIEVpH2hIQXUxeH1ytUa8a/hf_20260712_150745_cf0ee5ef-2548-4b34-9888-8eb9b812b603.png
5:30	https://d8j0ntlcm91z4.cloudfront.net/user_3EUnbCIEVpH2hIQXUxeH1ytUa8a/hf_20260712_150748_9c5d1ca9-93b3-453f-b099-066a333cfa3a.png
5:34	https://d8j0ntlcm91z4.cloudfront.net/user_3EUnbCIEVpH2hIQXUxeH1ytUa8a/hf_20260712_150753_a47fa7d1-c5f0-48a5-9d64-7b7bd9170188.png
5:35	https://d8j0ntlcm91z4.cloudfront.net/user_3EUnbCIEVpH2hIQXUxeH1ytUa8a/hf_20260712_150756_615c50bc-8aa0-41c6-891b-1a66749d8222.png
5:39	https://d8j0ntlcm91z4.cloudfront.net/user_3EUnbCIEVpH2hIQXUxeH1ytUa8a/hf_20260712_150758_3d3643b8-0b6e-4d26-b7f2-704bd424857e.png
5:42	https://d8j0ntlcm91z4.cloudfront.net/user_3EUnbCIEVpH2hIQXUxeH1ytUa8a/hf_20260712_150808_f838b95b-1373-4777-adc6-8581b68086c8.png
5:44	https://d8j0ntlcm91z4.cloudfront.net/user_3EUnbCIEVpH2hIQXUxeH1ytUa8a/hf_20260712_150811_934b32c3-6521-4186-8efb-20c094075a0b.png
5:46	https://d8j0ntlcm91z4.cloudfront.net/user_3EUnbCIEVpH2hIQXUxeH1ytUa8a/hf_20260712_150813_4ef88792-31c0-4689-881e-4605ec34313a.png
5:47	https://d8j0ntlcm91z4.cloudfront.net/user_3EUnbCIEVpH2hIQXUxeH1ytUa8a/hf_20260712_150816_11c39c3c-fc3a-49ff-a7f9-3e2c3af8fa1b.png
5:48	https://d8j0ntlcm91z4.cloudfront.net/user_3EUnbCIEVpH2hIQXUxeH1ytUa8a/hf_20260712_150821_52f0a62c-d84f-4a32-b505-9dcb108ac8b6.png
5:50	https://d8j0ntlcm91z4.cloudfront.net/user_3EUnbCIEVpH2hIQXUxeH1ytUa8a/hf_20260712_150827_6d539a5b-b6d9-4e7d-a999-aefbb7e137a6.png
5:50b	https://d8j0ntlcm91z4.cloudfront.net/user_3EUnbCIEVpH2hIQXUxeH1ytUa8a/hf_20260712_150829_0d27d063-3fd1-45a2-9210-600ce1390038.png
5:53	https://d8j0ntlcm91z4.cloudfront.net/user_3EUnbCIEVpH2hIQXUxeH1ytUa8a/hf_20260712_150832_40325595-dacc-477e-a013-93d338909d64.png
5:56	https://d8j0ntlcm91z4.cloudfront.net/user_3EUnbCIEVpH2hIQXUxeH1ytUa8a/hf_20260712_150833_e6cc2583-cd54-41f9-b8ea-5224fdfd2c4d.png
5:57	https://d8j0ntlcm91z4.cloudfront.net/user_3EUnbCIEVpH2hIQXUxeH1ytUa8a/hf_20260712_150851_a0031dee-79f4-4643-9144-2e58c7dedd92.png
5:58	https://d8j0ntlcm91z4.cloudfront.net/user_3EUnbCIEVpH2hIQXUxeH1ytUa8a/hf_20260712_150854_49ed064d-0c51-41a2-8061-c8296e3b440e.png
5:59	https://d8j0ntlcm91z4.cloudfront.net/user_3EUnbCIEVpH2hIQXUxeH1ytUa8a/hf_20260712_150859_20494120-5658-42bb-97ae-f65e2d3aca7e.png
6:03	https://d8j0ntlcm91z4.cloudfront.net/user_3EUnbCIEVpH2hIQXUxeH1ytUa8a/hf_20260712_150901_2a832c35-3ee8-48dc-ad18-bff505d447de.png
6:06	https://d8j0ntlcm91z4.cloudfront.net/user_3EUnbCIEVpH2hIQXUxeH1ytUa8a/hf_20260712_150907_ebf2f6d9-1f4b-4742-8ee0-1a40a3ffdc76.png
6:11	https://d8j0ntlcm91z4.cloudfront.net/user_3EUnbCIEVpH2hIQXUxeH1ytUa8a/hf_20260712_150909_9714ae41-25d8-4132-b2e4-43c8ff2895bb.png
6:14	https://d8j0ntlcm91z4.cloudfront.net/user_3EUnbCIEVpH2hIQXUxeH1ytUa8a/hf_20260712_150914_7d4d1a28-8348-4546-bb3f-acb32dcc4f3f.png
6:16	https://d8j0ntlcm91z4.cloudfront.net/user_3EUnbCIEVpH2hIQXUxeH1ytUa8a/hf_20260712_150917_b2076ece-815b-4af1-be51-bbc30ff0d9d7.png
6:17	https://d8j0ntlcm91z4.cloudfront.net/user_3EUnbCIEVpH2hIQXUxeH1ytUa8a/hf_20260712_150923_982a9387-88cf-4932-a109-3113371d6f80.png
6:19	https://d8j0ntlcm91z4.cloudfront.net/user_3EUnbCIEVpH2hIQXUxeH1ytUa8a/hf_20260712_150926_426c2179-884c-4430-ae1a-d1949a579b54.png
6:20	https://d8j0ntlcm91z4.cloudfront.net/user_3EUnbCIEVpH2hIQXUxeH1ytUa8a/hf_20260712_150928_68f85029-07c6-4fff-872d-08538237405d.png
6:22	https://d8j0ntlcm91z4.cloudfront.net/user_3EUnbCIEVpH2hIQXUxeH1ytUa8a/hf_20260712_150930_ad0918e4-f5a6-4ae1-970c-f13c33da49a1.png
6:24	https://d8j0ntlcm91z4.cloudfront.net/user_3EUnbCIEVpH2hIQXUxeH1ytUa8a/hf_20260712_150936_9d40715e-8a0c-4de3-839c-d4600f8efea2.png
6:25	https://d8j0ntlcm91z4.cloudfront.net/user_3EUnbCIEVpH2hIQXUxeH1ytUa8a/hf_20260712_150938_7963db27-2804-4c04-b7f3-d6ccba0f24f8.png
6:28	https://d8j0ntlcm91z4.cloudfront.net/user_3EUnbCIEVpH2hIQXUxeH1ytUa8a/hf_20260712_150945_b97c9c02-ad6a-46b9-acf5-c401c1008708.png
6:30	https://d8j0ntlcm91z4.cloudfront.net/user_3EUnbCIEVpH2hIQXUxeH1ytUa8a/hf_20260712_150947_838d639e-6ef3-4095-ac71-ce557d2f5aa0.png
6:32	https://d8j0ntlcm91z4.cloudfront.net/user_3EUnbCIEVpH2hIQXUxeH1ytUa8a/hf_20260712_150950_d0ac2c8e-3150-4ec4-8eb7-b9a155b525cf.png
6:33	https://d8j0ntlcm91z4.cloudfront.net/user_3EUnbCIEVpH2hIQXUxeH1ytUa8a/hf_20260712_150953_e64faf3c-d1ef-4b95-a5bf-98251dc519b7.png
6:37	https://d8j0ntlcm91z4.cloudfront.net/user_3EUnbCIEVpH2hIQXUxeH1ytUa8a/hf_20260712_151001_3d615440-1b6d-4798-8aca-2c6656feec2e.png
6:40	https://d8j0ntlcm91z4.cloudfront.net/user_3EUnbCIEVpH2hIQXUxeH1ytUa8a/hf_20260712_151005_1da3e6cc-208f-4357-8d75-35d99d8f02b2.png
6:41	https://d8j0ntlcm91z4.cloudfront.net/user_3EUnbCIEVpH2hIQXUxeH1ytUa8a/hf_20260712_151019_fc344dc2-fffe-4809-87e8-9e3834ae2b4f.png
6:42	https://d8j0ntlcm91z4.cloudfront.net/user_3EUnbCIEVpH2hIQXUxeH1ytUa8a/hf_20260712_151021_aa48dd83-c460-4ba9-8c0b-b756fc84d6fa.png
6:43	https://d8j0ntlcm91z4.cloudfront.net/user_3EUnbCIEVpH2hIQXUxeH1ytUa8a/hf_20260712_151024_5f017414-d802-4ae8-b944-e41bfb079600.png
6:46	https://d8j0ntlcm91z4.cloudfront.net/user_3EUnbCIEVpH2hIQXUxeH1ytUa8a/hf_20260712_151026_1646ee1b-afa1-4e74-9639-76a5aaa82be6.png
6:48	https://d8j0ntlcm91z4.cloudfront.net/user_3EUnbCIEVpH2hIQXUxeH1ytUa8a/hf_20260712_151027_a631511e-f35d-446c-895b-9460c125ccf5.png
6:49	https://d8j0ntlcm91z4.cloudfront.net/user_3EUnbCIEVpH2hIQXUxeH1ytUa8a/hf_20260712_151030_78920144-6c12-45d8-bbf6-3b78fa3af59a.png
6:51	https://d8j0ntlcm91z4.cloudfront.net/user_3EUnbCIEVpH2hIQXUxeH1ytUa8a/hf_20260712_151036_86b5dee8-cbda-4d7b-8a76-56acd428f16f.png
6:53	https://d8j0ntlcm91z4.cloudfront.net/user_3EUnbCIEVpH2hIQXUxeH1ytUa8a/hf_20260712_151038_eedfa678-6390-4fc6-b86d-237333d0b3ec.png
6:54	https://d8j0ntlcm91z4.cloudfront.net/user_3EUnbCIEVpH2hIQXUxeH1ytUa8a/hf_20260712_151040_1d055cfd-d25f-4cc1-84ed-2d782d129f0d.png
6:57	https://d8j0ntlcm91z4.cloudfront.net/user_3EUnbCIEVpH2hIQXUxeH1ytUa8a/hf_20260712_151043_da40ec70-eb08-4db9-a6ed-5e7a5430c625.png
6:59	https://d8j0ntlcm91z4.cloudfront.net/user_3EUnbCIEVpH2hIQXUxeH1ytUa8a/hf_20260712_151045_4cb4b090-b4ed-41ba-89d9-99fb4a6920ea.png
7:01	https://d8j0ntlcm91z4.cloudfront.net/user_3EUnbCIEVpH2hIQXUxeH1ytUa8a/hf_20260712_151051_f0cf2897-136a-490e-9433-1914f2426375.png
7:04	https://d8j0ntlcm91z4.cloudfront.net/user_3EUnbCIEVpH2hIQXUxeH1ytUa8a/hf_20260712_151053_d9631a19-a254-446a-9dee-1045ed99bb3b.png
7:07	https://d8j0ntlcm91z4.cloudfront.net/user_3EUnbCIEVpH2hIQXUxeH1ytUa8a/hf_20260712_151055_af6e9abc-1262-48ea-afca-8e516a9afebc.png
7:08	https://d8j0ntlcm91z4.cloudfront.net/user_3EUnbCIEVpH2hIQXUxeH1ytUa8a/hf_20260712_151057_78da0a2e-0e88-434c-9220-731446dd3bba.png
7:11	https://d8j0ntlcm91z4.cloudfront.net/user_3EUnbCIEVpH2hIQXUxeH1ytUa8a/hf_20260712_151102_2e648f82-77ef-4bac-bb3a-66e06b7fb830.png
7:14	https://d8j0ntlcm91z4.cloudfront.net/user_3EUnbCIEVpH2hIQXUxeH1ytUa8a/hf_20260712_151104_3bc3b74e-338d-4e3b-a2a2-7b80010845c7.png
7:17	https://d8j0ntlcm91z4.cloudfront.net/user_3EUnbCIEVpH2hIQXUxeH1ytUa8a/hf_20260712_151112_294cac01-1a54-417f-a6c3-a1f5a1eb4d2b.png
7:18	https://d8j0ntlcm91z4.cloudfront.net/user_3EUnbCIEVpH2hIQXUxeH1ytUa8a/hf_20260712_151115_43cf4267-ab6b-45ff-94ca-efed6d6b7db8.png
7:21	https://d8j0ntlcm91z4.cloudfront.net/user_3EUnbCIEVpH2hIQXUxeH1ytUa8a/hf_20260712_151117_e15decba-9782-4936-9531-ea5dce2ac5d7.png
7:22	https://d8j0ntlcm91z4.cloudfront.net/user_3EUnbCIEVpH2hIQXUxeH1ytUa8a/hf_20260712_151132_1f4d8802-f495-41c7-b4bd-42957513de7c.png
7:25	https://d8j0ntlcm91z4.cloudfront.net/user_3EUnbCIEVpH2hIQXUxeH1ytUa8a/hf_20260712_151134_8b5106d9-381f-4556-b6eb-a8aeb1bef36b.png
7:26	https://d8j0ntlcm91z4.cloudfront.net/user_3EUnbCIEVpH2hIQXUxeH1ytUa8a/hf_20260712_151136_c4c8860a-5ed7-43b3-b046-b64f53018795.png
7:28	https://d8j0ntlcm91z4.cloudfront.net/user_3EUnbCIEVpH2hIQXUxeH1ytUa8a/hf_20260712_151138_8d57b587-6120-42c0-b997-99bacec8a5d9.png
7:29	https://d8j0ntlcm91z4.cloudfront.net/user_3EUnbCIEVpH2hIQXUxeH1ytUa8a/hf_20260712_151142_c42ccc2d-2d8a-4d7f-b45c-6c76450115c5.png
7:29b	https://d8j0ntlcm91z4.cloudfront.net/user_3EUnbCIEVpH2hIQXUxeH1ytUa8a/hf_20260712_151144_21c8fe0a-e9b4-4315-9269-a5334bc7984f.png
7:31	https://d8j0ntlcm91z4.cloudfront.net/user_3EUnbCIEVpH2hIQXUxeH1ytUa8a/hf_20260712_151146_c88dad99-5a39-4e4a-bd9b-ee7728c96250.png
7:34	https://d8j0ntlcm91z4.cloudfront.net/user_3EUnbCIEVpH2hIQXUxeH1ytUa8a/hf_20260712_151149_dd251cbe-de69-48f7-8d01-6cb9b33c978a.png
7:37	https://d8j0ntlcm91z4.cloudfront.net/user_3EUnbCIEVpH2hIQXUxeH1ytUa8a/hf_20260712_151152_a2f5eb65-5d39-456c-a5ab-a550c9d90635.png
7:38	https://d8j0ntlcm91z4.cloudfront.net/user_3EUnbCIEVpH2hIQXUxeH1ytUa8a/hf_20260712_151155_a5a22cb6-e929-44c1-8612-1539ac9574bd.png
7:41	https://d8j0ntlcm91z4.cloudfront.net/user_3EUnbCIEVpH2hIQXUxeH1ytUa8a/hf_20260712_151159_8b854775-23e0-421a-b509-6a66ba0370c5.png
7:42	https://d8j0ntlcm91z4.cloudfront.net/user_3EUnbCIEVpH2hIQXUxeH1ytUa8a/hf_20260712_151202_5c832d70-bc6e-4a42-a39f-87d18b111c61.png
7:45	https://d8j0ntlcm91z4.cloudfront.net/user_3EUnbCIEVpH2hIQXUxeH1ytUa8a/hf_20260712_151205_8589c3e3-6d56-42c4-8601-a91868b49fb2.png
7:47	https://d8j0ntlcm91z4.cloudfront.net/user_3EUnbCIEVpH2hIQXUxeH1ytUa8a/hf_20260712_151207_d5fde9cc-3ed9-48b1-962f-f4746b7d96a6.png
7:49	https://d8j0ntlcm91z4.cloudfront.net/user_3EUnbCIEVpH2hIQXUxeH1ytUa8a/hf_20260712_151209_dc8f5600-198f-4c19-9a64-ab9b1830ab0f.png
7:52	https://d8j0ntlcm91z4.cloudfront.net/user_3EUnbCIEVpH2hIQXUxeH1ytUa8a/hf_20260712_151212_e7618d2b-41b1-4450-8c5c-bc907c7a6c1a.png
7:56	https://d8j0ntlcm91z4.cloudfront.net/user_3EUnbCIEVpH2hIQXUxeH1ytUa8a/hf_20260712_151218_b38c4919-1449-4b3a-9f7d-c8d6698a871b.png
7:58	https://d8j0ntlcm91z4.cloudfront.net/user_3EUnbCIEVpH2hIQXUxeH1ytUa8a/hf_20260712_151222_3dc6d657-c146-47dc-978f-46cf79d0c487.png
8:01	https://d8j0ntlcm91z4.cloudfront.net/user_3EUnbCIEVpH2hIQXUxeH1ytUa8a/hf_20260712_151227_4ce9d29a-c215-48cd-b91f-fb74c2ed016e.png
8:05	https://d8j0ntlcm91z4.cloudfront.net/user_3EUnbCIEVpH2hIQXUxeH1ytUa8a/hf_20260712_151230_b990b4a8-1dab-4fae-b8c8-1caf7c18bf56.png
